"species","IPSS","IPSV"
"Terpsinoe musica",5,3
"Odontella aurita",2,2
"Pleurosira laevis",2,3
"Amphitetras antediluviana",2,3
"Trieres regia",2.5,2
"Trieres mobiliensis",2,3
"Cymatosira belgica",2,2
"Cymatosira lorenziana",2,2
"Campylosira cymbelliformis",2,2
"Conticribra weissflogii",2,2
"Thalassiosira gessneri",3,3
"Thalassiosira nordenskioeldii",2,3
"Thalassiosira mediterranea",2,2
"Skeletonema subsalsum",1.8,1
"Skeletonema potamos",3,2
"Skeletonema pseudocostatum",2.2,2
"Discostella pseudostelligera",4,1
"Discostella woltereckii",4,1
"Discostella stelligera",4.2,1
"Stephanodiscus hantzschii",1.8,1
"Stephanodiscus minutulus",4,1
"Stephanodiscus binderanus",4,1
"Stephanodiscus agassizensis",4,1
"Stephanodiscus neoastraea",2,2
"Cyclostephanos tholiformis",2,1
"Cyclostephanos invisitatus",2.6,1
"Cyclostephanos dubius",3,2
"Cyclotella striata",2,3
"Cyclotella atomus",2,1
"Cyclotella meneghiniana",2,1
"Cyclotella cryptica",2,1
"Cyclotella nana",3,1
"Cyclotella distinguenda",4,2
"Actinoptychus splendens",2,3
"Actinoptychus undulatus",2,3
"Coscinodiscus wailesii",2,3
"Paralia sulcata",2,2
"Melosira varians",4,1
"Melosira nummuloides",2,3
"Aulacoseira ambigua",3,1
"Ellerbeckia arenaria",5,3
"Leptocylindrus danicus",2,2
"Leptocylindrus minimus",2,2
"Geissleria decussis",4.8,2
"Placoneis elginensis",4,2
"Placoneis abiskoensis",5,3
"Placoneis constans",5,1
"Placoneis clementis",5,2
"Encyonema triangulum",3,3
"Encyonema silesiacum",5,2
"Encyonema prostratum",4,3
"Encyonema caespitosum",4,2
"Didymosphenia dentata",5,3
"Cymbella tumida",3,3
"Cymbella helvetica",5,3
"Cymbella lanceolata",4,2
"Cymbella cistula",4,3
"Cymbella aspera",4,3
"Cymbopleura naviculiformis",3.8,3
"Reimeria sinuata",4.8,1
"Gomphonema rosenstockianum",5,1
"Gomphonema micropus",3,1
"Gomphonema bourbonense",3.8,2
"Gomphonema brebissonii",4.5,3
"Gomphonema coronatum",3.8,2
"Gomphonema acuminatum",4,2
"Gomphonema capitatum",4,1
"Gomphoneis minuta",3.8,3
"Gomphonema clevei",5,3
"Gomphonema saprophilum",2,1
"Gomphonema exilissimum",5,1
"Gomphonema lagenula",2,3
"Gomphonema parvulum",2,1
"Gomphonema dichotomum",5,2
"Gomphonema affine",4,3
"Gomphonema intricatum",5,2
"Gomphonema gracile",4.2,1
"Gomphonema angustatum",3,1
"Gomphonema intricatum var. vibrio",4.3,3
"Gomphonema carolinense",3,3
"Anomoeoneis sculpta",2,3
"Anomoeoneis sphaerophora",2,3
"Lemnicola hungarica",2,3
"Planothidium lanceolatum",4.6,1
"Planothidium frequentissimum",3.4,1
"Achnanthidium pyrenaicum",5,1
"Achnanthidium minutissimum",5,1
"Achnanthidium straubianum",3,2
"Achnanthidium catenatum",4.5,2
"Achnanthidium chlidanos",5,1
"Achnanthidium helveticum",5,2
"Achnanthidium daonense",5,2
"Achnanthidium reimeri",5,1
"Achnanthidium rivulare",4,1
"Achnanthidium kranzii",5,2
"Rossithidium anastasiae",5,1
"Rhoicosphenia abbreviata",4,1
"Cocconeis placentula",4,1
"Amphipleura pellucida",5,3
"Berkeleya rutilans",2.8,2
"Parlibellus hamulifer",2,3
"Entomoneis ornata",2,3
"Entomoneis alata",2,3
"Petrodictyon gemma",2,3
"Surirella striatula",2,3
"Surirella ovalis",2,2
"Surirella angusta",4,1
"Surirella minuta",3,1
"Surirella ovalis var. apiculata",4,1
"Epithemia argus",5,3
"Epithemia sorex",4,2
"Halamphora coffeaeformis",2,3
"Halamphora oligotraphenta",5,1
"Halamphora veneta",1,2
"Halamphora montana",2.8,1
"Amphora graeffeana",2,1
"Amphora commutata",2,3
"Amphora ovalis",3,1
"Amphora pediculus",4,1
"Amphora copulata",4,2
"Fistulifera saprophila",2,1
"Craticula cuspidata",2.6,3
"Craticula molestiformis",2,1
"Stauroneis acuta",5,2
"Pinnularia borealis var. borealis",5,3
"Pinnularia borealis",5,3
"Pinnularia borealis var. subislandica",5,3
"Pinnularia neglectiformis",5,2
"Pinnularia subcapitata var. elongata",5,2
"Pinnularia gibba",5,2
"Pinnularia parvulissima",3,3
"Pinnularia anglica",5,2
"Pinnularia divergens",5,2
"Caloneis westii",2,3
"Mayamaea permitis",2.3,1
"Sellaphora laevissima",5,1
"Sellaphora bacillum",5,2
"Sellaphora pupula",2.6,2
"Sellaphora minima",3,1
"Sellaphora seminulum",1.5,2
"Fallacia pygmaea",2,3
"Fallacia forcipata",2,2
"Fallacia monoculata",3,2
"Diploneis subovalis",4.5,2
"Luticola ventricosa",2,3
"Neidium amphigomphus",5,2
"Neidium productum",4,2
"Neidium bisulcatum",5,2
"Neidium longiceps",4,3
"Neidium affine",4,3
"Scoliopleura peisonis",2,3
"Gyrosigma acuminatum",4,3
"Haslea pseudostrearia",2,3
"Navicula tripunctata",4.4,2
"Navicula capitatoradiata",3,2
"Navicula cincta",3,1
"Navicula symmetrica",3,2
"Navicula duerrenbergiana",2,3
"Navicula rostellata",3,3
"Navicula cryptocephala",3.5,2
"Navicula cryptotenella",4,1
"Navicula cryptotenelloides",3.5,1
"Navicula veneta",1,2
"Navicula salinicola",2,2
"Eunotia mucophila",5,2
"Eunotia glacialis",4,2
"Eunotia bilunaris",5,2
"Eunotia curvata",5,2
"Eunotia minor",4.6,1
"Eunotia pectinalis",5,2
"Bacillaria paxillifera",2,3
"Hantzschia amphioxys",1.5,3
"Nitzschia valdestriata",2,2
"Nitzschia microcephala",1,3
"Nitzschia fonticola",3.5,1
"Nitzschia acidoclinata",5,2
"Nitzschia perminuta",4.5,1
"Nitzschia soratensis",1,3
"Nitzschia costei",4,2
"Fragilariopsis cylindrus",2.5,3
"Nitzschia frustulum",2,1
"Nitzschia bulnheimiana",2,1
"Nitzschia inconspicua",2.8,1
"Nitzschia amphibia",2,2
"Nitzschia denticula",4,2
"Nitzschia supralitorea",1.5,2
"Cylindrotheca closterium",1,2
"Nitzschia filiformis",3,3
"Nitzschia capitellata",1,3
"Nitzschia palea",1,3
"Nitzschia pusilla",2,3
"Nitzschia gracilis",3,2
"Nitzschia draveillensis",3,2
"Nitzschia tubicola",2.8,2
"Tryblionella apiculata",2.4,2
"Psammodictyon panduriforme",2,3
"Nitzschia sigmoidea",3,2
"Nitzschia dissipata",4.5,3
"Nitzschia lorenziana",2.5,3
"Craspedostauros amphoroides",2,2
"Craspedostauros neoconstrictus",2,2
"Achnanthes longipes",2,3
"Achnanthes coarctata",4.5,3
"Fragilaria perminuta",4,1
"Fragilaria capucina",5,2
"Fragilaria tenuistriata",5,2
"Fragilaria crotonensis",4,1
"Centronella reicheltii",3,3
"Fragilaria bidens",5,1
"Fragilaria nanoides",5,2
"Ulnaria ulna",3,1
"Ulnaria acus",4,1
"Fragilaria gracilis",4.8,1
"Fragilaria rumpens",4,1
"Ctenophora pulchella",3,3
"Tabularia tabulata",2,3
"Diatoma elongatum",3,2
"Diatoma tenuis",3,1
"Diatoma moniliformis",4,2
"Asterionella formosa",4,1
"Tabellaria flocculosa",5,1
"Tetracyclus sp.",5,3
"Grammatophora marina",2,3
"Fragilariforma virescens",5,2
"Staurosira brevistriata",3,1
"Staurosira venter",4,1
"Staurosira pinnata",4,1
"Dimeregramma dubium",2,2
"Staurosira elliptica",3,1
"Staurosira martyi",4,1
"Staurosira construens",4,1
"Plagiogramma staurophorum",2.7,3
"Rhaphoneis amphiceros",2,3
"Undatella quadrata",2,1
"Chaetoceros muelleri",2,3
"Acanthoceras zachariasii",3,1
"Urosolenia eriensis",2,2
